incidentType,total_federal_share
Hurricane,7932168703.339994
Severe Storm,2760058800.770002
Flood,1413887176.6899998
Fire,907610197.6700001
Earthquake,876446261.11
Biological,392701809.09999955
Severe Ice Storm,282467195.37000006
Coastal Storm,218928908.20000002
Tornado,139824762.90999997
Snowstorm,108836911.10000004
Typhoon,91568687.2
Mud/Landslide,8810605.84
Volcanic Eruption,8399906.87
Tsunami,6320383.97
Dam/Levee Break,6008311.93
Freezing,4715202.3
Other,2241914.16
Terrorist,1732216
Fishing Losses,1395269
Drought,1267439
Human Cause,864906
